TN,FP,FN,TP,accuracy,sensitivity,specificity,precision,f1,macro_recall,macro_f1,auroc,ap,model,fold
1409,12,84,174,0.9428231089934485,0.6744186046511628,0.9915552427867699,0.9354838709677419,0.7837837837837838,0.8329869237189663,0.8754196887347195,0.9173526668085037,0.8250772475566421,"CNN(untrained)+RF, V=100 [E1 as published]",0
1412,9,77,181,0.9487790351399643,0.7015503875968992,0.9936664320900774,0.9526315789473684,0.8080357142857142,0.8476084098434884,0.8892412248404515,0.9348981773944542,0.8678852086981195,"CNN+BiLSTM(untrained)+sent+RF, V=100 [E3 as published]",0
1409,12,60,198,0.9571173317450864,0.7674418604651163,0.9915552427867699,0.9428571428571428,0.8461538461538461,0.879498551625943,0.9106201756720789,0.942299614312445,0.8806574372268587,"CNN+BiLSTM(trained)+sent+RF, V=100",0
1419,2,19,239,0.9874925550923168,0.9263565891472868,0.9985925404644617,0.991701244813278,0.9579158316633267,0.9624745648058742,0.9752853030299844,0.9892081130768265,0.9766091520834193,"CNN(trained)+RF, V=5000",0
1419,2,19,239,0.9874925550923168,0.9263565891472868,0.9985925404644617,0.991701244813278,0.9579158316633267,0.9624745648058742,0.9752853030299844,0.9868200688455012,0.97264627469907,"CNN(trained)+sent+RF, V=5000",0
1415,6,21,237,0.9839189994044074,0.9186046511627907,0.995777621393385,0.9753086419753086,0.9461077844311376,0.9571911362780878,0.9683286559537557,0.9867723352372224,0.9728277811667085,"CNN+BiLSTM(trained)+sent+RF, V=5000 [proposed]",0
1418,3,33,225,0.9785586658725431,0.872093023255814,0.9978888106966924,0.9868421052631579,0.925925925925926,0.9349909169762531,0.956695553492211,0.9813238848065289,0.9604258670646842,TF-IDF + logistic regression [reference],0
1408,13,104,154,0.9303156640857654,0.5968992248062015,0.9908515130190007,0.9221556886227545,0.7247058823529411,0.793875368912601,0.8424074928300676,0.901655128771637,0.7900121886896452,"CNN(untrained)+RF, V=100 [E1 as published]",1
1403,18,87,171,0.9374627754615843,0.6627906976744186,0.9873328641801549,0.9047619047619048,0.7651006711409396,0.8250617809272867,0.8645152960651452,0.9223456022344785,0.8296641148352991,"CNN+BiLSTM(untrained)+sent+RF, V=100 [E3 as published]",1
1403,18,69,189,0.9481834425253127,0.7325581395348837,0.9873328641801549,0.9130434782608695,0.8129032258064516,0.8599455018575193,0.8914153183992506,0.9347631594738939,0.8554450189155023,"CNN+BiLSTM(trained)+sent+RF, V=100",1
1416,5,30,228,0.9791542584871947,0.8837209302325582,0.9964813511611541,0.9785407725321889,0.9287169042769858,0.9401011406968561,0.9582545107363303,0.9762982177634485,0.9552394103755015,"CNN(trained)+RF, V=5000",1
1412,9,29,229,0.97736748064324,0.8875968992248062,0.9936664320900774,0.9621848739495799,0.9233870967741936,0.9406316656574418,0.9550548342012128,0.9801578209471438,0.9592063391683217,"CNN(trained)+sent+RF, V=5000",1
1416,5,29,229,0.9797498511018463,0.8875968992248062,0.9964813511611541,0.9786324786324786,0.9308943089430894,0.9420391251929802,0.9595155424687534,0.978158464668947,0.9570669847669326,"CNN+BiLSTM(trained)+sent+RF, V=5000 [proposed]",1
1411,10,39,219,0.9708159618820726,0.8488372093023255,0.9929627023223082,0.9563318777292577,0.8993839835728953,0.9208999558123169,0.9411583798045597,0.9713871113802377,0.9420733964849567,TF-IDF + logistic regression [reference],1
1402,19,90,168,0.935080405002978,0.6511627906976745,0.9866291344123856,0.8983957219251337,0.7550561797752808,0.81889596255503,0.8588188554214543,0.9237285130571876,0.8158341290160134,"CNN(untrained)+RF, V=100 [E1 as published]",2
1406,15,84,174,0.9410363311494937,0.6744186046511628,0.9894440534834623,0.9206349206349206,0.7785234899328859,0.8319313290673125,0.8722572791471368,0.938448194033026,0.8585150678965006,"CNN+BiLSTM(untrained)+sent+RF, V=100 [E3 as published]",2
1402,19,60,198,0.9529481834425253,0.7674418604651163,0.9866291344123856,0.9124423963133641,0.8336842105263158,0.877035497438751,0.9031410993665225,0.9377390089957395,0.8753400750988011,"CNN+BiLSTM(trained)+sent+RF, V=100",2
1417,4,15,243,0.98868374032162,0.9418604651162791,0.9971850809289233,0.9838056680161943,0.9623762376237623,0.9695227730226013,0.9778582905609173,0.986911444609921,0.9723195656596151,"CNN(trained)+RF, V=5000",2
1414,7,16,242,0.9863013698630136,0.937984496124031,0.9950738916256158,0.9718875502008032,0.9546351084812623,0.9665291938748234,0.9732838818449805,0.9922548811024009,0.980050963384201,"CNN(trained)+sent+RF, V=5000",2
1414,7,18,240,0.9851101846337106,0.9302325581395349,0.9950738916256158,0.97165991902834,0.9504950495049505,0.9626532248825753,0.9708661717906806,0.9941369490859696,0.9807680941951116,"CNN+BiLSTM(trained)+sent+RF, V=5000 [proposed]",2
1414,7,24,234,0.9815366289458011,0.9069767441860465,0.9950738916256158,0.970954356846473,0.937875751503006,0.9510253179058311,0.9635163997109293,0.9837842113589621,0.9645729430464002,TF-IDF + logistic regression [reference],2
1417,4,104,154,0.9356759976176295,0.5968992248062015,0.9971850809289233,0.9746835443037974,0.7403846153846153,0.7970421528675624,0.8518374470532866,0.9230152365677627,0.8286740485801919,"CNN(untrained)+RF, V=100 [E1 as published]",3
1415,6,86,172,0.9452054794520548,0.6666666666666666,0.995777621393385,0.9662921348314607,0.7889908256880734,0.8312221440300258,0.8787527708180272,0.9278649711689005,0.8447457906141257,"CNN+BiLSTM(untrained)+sent+RF, V=100 [E3 as published]",3
1416,5,69,189,0.9559261465157832,0.7325581395348837,0.9964813511611541,0.9742268041237113,0.8362831858407079,0.8645197453480189,0.9054093148749307,0.9379040308986466,0.8713468511775656,"CNN+BiLSTM(trained)+sent+RF, V=100",3
1403,18,26,232,0.9737939249553306,0.8992248062015504,0.9873328641801549,0.928,0.9133858267716536,0.9432788351908526,0.9489736151402128,0.9692895602507242,0.9388613199224017,"CNN(trained)+RF, V=5000",3
1406,15,26,232,0.9755807027992853,0.8992248062015504,0.9894440534834623,0.9392712550607287,0.9188118811881187,0.9443344298425064,0.9522205217367162,0.9703301529112045,0.9470836732310237,"CNN(trained)+sent+RF, V=5000",3
1409,12,28,230,0.9761762954139369,0.8914728682170543,0.9915552427867699,0.9504132231404959,0.9200000000000002,0.9415140555019121,0.953002099370189,0.975219438216345,0.9495609654391935,"CNN+BiLSTM(trained)+sent+RF, V=5000 [proposed]",3
1412,9,43,215,0.9690291840381179,0.8333333333333334,0.9936664320900774,0.9598214285714286,0.8921161825726143,0.9134998827117053,0.937017757489367,0.9775406553960799,0.9542483033716717,TF-IDF + logistic regression [reference],3
1408,14,67,190,0.9517569982132221,0.7392996108949417,0.9901547116736991,0.9313725490196079,0.824295010845987,0.8647271612843204,0.8981675261340739,0.954462121087743,0.8805809566456786,"CNN(untrained)+RF, V=100 [E1 as published]",4
1409,13,57,200,0.9583085169743896,0.7782101167315175,0.990857946554149,0.9389671361502347,0.8510638297872339,0.8845340316428333,0.9134128013202099,0.9573284188981376,0.905961459657038,"CNN+BiLSTM(untrained)+sent+RF, V=100 [E3 as published]",4
1407,15,45,212,0.9642644431209053,0.8249027237354085,0.989451476793249,0.933920704845815,0.8760330578512396,0.9071771002643287,0.9275781155644507,0.9626656159188297,0.9172070675236407,"CNN+BiLSTM(trained)+sent+RF, V=100",4
1419,3,22,235,0.9851101846337106,0.914396887159533,0.9978902953586498,0.9873949579831933,0.9494949494949495,0.9561435912590914,0.9703814251491514,0.9819553213263502,0.9693177122666826,"CNN(trained)+RF, V=5000",4
1417,5,22,235,0.9839189994044074,0.914396887159533,0.9964838255977496,0.9791666666666666,0.9456740442655935,0.9554403563786413,0.9681183922830938,0.9898797112632507,0.9787910915084399,"CNN(trained)+sent+RF, V=5000",4
1418,4,20,237,0.9857057772483622,0.9221789883268483,0.9971870604781997,0.983402489626556,0.9518072289156627,0.9596830244025241,0.9717078102620271,0.9931154126100685,0.9776537206682019,"CNN+BiLSTM(trained)+sent+RF, V=5000 [proposed]",4
1417,5,25,232,0.9821322215604527,0.9027237354085603,0.9964838255977496,0.9789029535864979,0.9392712550607288,0.949603780503155,0.9643981973627667,0.988083315547237,0.9673024354384159,TF-IDF + logistic regression [reference],4
1405,16,89,169,0.9374627754615843,0.6550387596899225,0.9887403237156932,0.9135135135135135,0.762979683972912,0.8218895417028078,0.8634795503912588,0.9280545417846369,0.8255136525959792,"CNN(untrained)+RF, V=100 [E1 as published]",5
1411,10,82,176,0.9452054794520548,0.6821705426356589,0.9929627023223082,0.946236559139785,0.7927927927927929,0.8375666224789835,0.8806105350374397,0.9498183395250641,0.8733141352567412,"CNN+BiLSTM(untrained)+sent+RF, V=100 [E3 as published]",5
1409,12,66,192,0.9535437760571769,0.7441860465116279,0.9915552427867699,0.9411764705882353,0.8311688311688312,0.8678706446491988,0.9021175647556863,0.9358214817603063,0.8751544612292925,"CNN+BiLSTM(trained)+sent+RF, V=100",5
1417,4,25,233,0.9827278141751042,0.9031007751937985,0.9971850809289233,0.9831223628691983,0.9414141414141414,0.9501429280613609,0.9656424531730154,0.9757704204376216,0.9579318795745011,"CNN(trained)+RF, V=5000",5
1417,4,24,234,0.9833234067897558,0.9069767441860465,0.9971850809289233,0.9831932773109243,0.9435483870967741,0.952080912557485,0.96688250941142,0.9721658511038737,0.9542155178269844,"CNN(trained)+sent+RF, V=5000",5
1415,6,23,235,0.9827278141751042,0.9108527131782945,0.995777621393385,0.975103734439834,0.9418837675350701,0.9533151672858398,0.9658701803747403,0.9751867065992395,0.9560530883838229,"CNN+BiLSTM(trained)+sent+RF, V=5000 [proposed]",5
1412,9,32,226,0.9755807027992853,0.875968992248062,0.9936664320900774,0.9617021276595744,0.9168356997971602,0.9348177121690697,0.951262527036451,0.980456496953232,0.9534733173526463,TF-IDF + logistic regression [reference],5
1417,4,95,163,0.9410363311494937,0.6317829457364341,0.9971850809289233,0.9760479041916168,0.7670588235294117,0.8144840133326787,0.866652493933134,0.9264506925464653,0.83403783415876,"CNN(untrained)+RF, V=100 [E1 as published]",6
1411,10,79,179,0.9469922572960096,0.6937984496124031,0.9929627023223082,0.9470899470899471,0.8008948545861299,0.8433805759673556,0.8851605842837897,0.9480740170968145,0.871212321320042,"CNN+BiLSTM(untrained)+sent+RF, V=100 [E3 as published]",6
1410,11,59,199,0.9583085169743896,0.7713178294573644,0.9922589725545391,0.9476190476190476,0.8504273504273505,0.8817884010059518,0.9131029485700767,0.9426528430137091,0.8847602116614538,"CNN+BiLSTM(trained)+sent+RF, V=100",6
1419,2,15,243,0.9898749255509232,0.9418604651162791,0.9985925404644617,0.9918367346938776,0.9662027833001988,0.9702265027903704,0.9801241587254059,0.9853253249976814,0.9708234294806625,"CNN(trained)+RF, V=5000",6
1418,3,15,243,0.9892793329362716,0.9418604651162791,0.9978888106966924,0.9878048780487805,0.9642857142857143,0.9698746379064858,0.9789893883271599,0.9945106350479245,0.9796348628573504,"CNN(trained)+sent+RF, V=5000",6
1416,5,14,244,0.98868374032162,0.9457364341085271,0.9964813511611541,0.9799196787148594,0.9625246548323471,0.9711088926348406,0.9779301632632447,0.9905091948567719,0.9750157720799941,"CNN+BiLSTM(trained)+sent+RF, V=5000 [proposed]",6
1417,4,27,231,0.9815366289458011,0.8953488372093024,0.9971850809289233,0.9829787234042553,0.9371196754563895,0.9462669590691128,0.963149715564146,0.9816321075342729,0.9641998614808774,TF-IDF + logistic regression [reference],6
1406,15,90,168,0.9374627754615843,0.6511627906976745,0.9894440534834623,0.9180327868852459,0.761904761904762,0.8203034220905684,0.8629544378601629,0.9291660529488459,0.8278892538774504,"CNN(untrained)+RF, V=100 [E1 as published]",7
1408,13,79,179,0.9452054794520548,0.6937984496124031,0.9908515130190007,0.9322916666666666,0.7955555555555556,0.8423249813157019,0.8819593458658108,0.9342135410699964,0.8589312815906119,"CNN+BiLSTM(untrained)+sent+RF, V=100 [E3 as published]",7
1406,15,58,200,0.9565217391304348,0.7751937984496124,0.9894440534834623,0.9302325581395349,0.8456659619450317,0.8823189259665374,0.9101813345253755,0.9382272556175638,0.8836262398280893,"CNN+BiLSTM(trained)+sent+RF, V=100",7
1415,6,17,241,0.9863013698630136,0.9341085271317829,0.995777621393385,0.9757085020242915,0.9544554455445545,0.964943074262584,0.9731968780474263,0.9822403700854839,0.9697020462113488,"CNN(trained)+RF, V=5000",7
1417,4,17,241,0.9874925550923168,0.9341085271317829,0.9971850809289233,0.9836734693877551,0.9582504970178926,0.9656468040303532,0.9754474901902073,0.983979237244216,0.9701977913249256,"CNN(trained)+sent+RF, V=5000",7
1416,5,18,240,0.9863013698630136,0.9302325581395349,0.9964813511611541,0.9795918367346939,0.9542743538767395,0.9633569546503444,0.9731091559226079,0.980322842850051,0.9665093576827102,"CNN+BiLSTM(trained)+sent+RF, V=5000 [proposed]",7
1413,8,33,225,0.9755807027992853,0.872093023255814,0.9943701618578465,0.9656652360515021,0.9164969450101833,0.9332315925568302,0.9510981411482726,0.9806801630034532,0.9596944521811978,TF-IDF + logistic regression [reference],7
1410,11,104,154,0.9315068493150684,0.5968992248062015,0.9922589725545391,0.9333333333333333,0.7281323877068557,0.7945790986803702,0.8444750524564943,0.9119860454205739,0.8090555830626097,"CNN(untrained)+RF, V=100 [E1 as published]",8
1403,18,85,173,0.9386539606908875,0.6705426356589147,0.9873328641801549,0.9057591623036649,0.7706013363028954,0.8289377499195347,0.8675969899115027,0.9188337724825295,0.8300924000386973,"CNN+BiLSTM(untrained)+sent+RF, V=100 [E3 as published]",8
1404,17,67,191,0.9499702203692674,0.7403100775193798,0.988036593947924,0.9182692307692307,0.8197424892703862,0.8641733357336518,0.8953484230584297,0.9243640519559868,0.856960802877985,"CNN+BiLSTM(trained)+sent+RF, V=100",8
1417,4,23,235,0.9839189994044074,0.9108527131782945,0.9971850809289233,0.9832635983263598,0.9456740442655934,0.954018897053609,0.9681183922830938,0.9751948895035161,0.9528846887845679,"CNN(trained)+RF, V=5000",8
1417,4,22,236,0.984514592019059,0.9147286821705426,0.9971850809289233,0.9833333333333333,0.9477911646586346,0.955956881549733,0.9693501277838628,0.9747434659509353,0.9517831510256236,"CNN(trained)+sent+RF, V=5000",8
1417,4,23,235,0.9839189994044074,0.9108527131782945,0.9971850809289233,0.9832635983263598,0.9456740442655934,0.954018897053609,0.9681183922830938,0.9793258923457113,0.9587136831239378,"CNN+BiLSTM(trained)+sent+RF, V=5000 [proposed]",8
1413,8,30,228,0.97736748064324,0.8837209302325582,0.9943701618578465,0.9661016949152542,0.9230769230769232,0.9390455460452023,0.9549043833261711,0.9861286134341468,0.9684921626700986,TF-IDF + logistic regression [reference],8
1408,14,72,185,0.9487790351399643,0.7198443579766537,0.9901547116736991,0.9296482412060302,0.8114035087719299,0.8549995348251764,0.8908843870530911,0.9401265275520312,0.8610393732596836,"CNN(untrained)+RF, V=100 [E1 as published]",9
1409,13,66,191,0.9529481834425253,0.7431906614785992,0.990857946554149,0.9362745098039216,0.8286334056399132,0.8670243040163741,0.9006819082048374,0.9443432005122394,0.8796765467019344,"CNN+BiLSTM(untrained)+sent+RF, V=100 [E3 as published]",9
1406,16,47,210,0.9624776652769506,0.8171206225680934,0.9887482419127989,0.9292035398230089,0.8695652173913043,0.9029344322404461,0.9238260869565218,0.9462668352241321,0.9008130793588892,"CNN+BiLSTM(trained)+sent+RF, V=100",9
1421,1,18,239,0.98868374032162,0.9299610894941635,0.9992967651195499,0.9958333333333333,0.9617706237424547,0.9646289273068567,0.9775647945695846,0.9854277145687282,0.9719543387892531,"CNN(trained)+RF, V=5000",9
1421,1,18,239,0.98868374032162,0.9299610894941635,0.9992967651195499,0.9958333333333333,0.9617706237424547,0.9646289273068567,0.9775647945695846,0.983297487508688,0.9687930497199788,"CNN(trained)+sent+RF, V=5000",9
1416,6,18,239,0.9857057772483622,0.9299610894941635,0.9957805907172996,0.9755102040816327,0.9521912350597611,0.9628708401057315,0.9718939368576116,0.9843153994757206,0.9725842071224603,"CNN+BiLSTM(trained)+sent+RF, V=5000 [proposed]",9
1420,2,33,224,0.9791542584871947,0.8715953307392996,0.9985935302390999,0.9911504424778761,0.927536231884058,0.9350944304891997,0.9576811594202899,0.9818089280730269,0.9624421882632703,TF-IDF + logistic regression [reference],9
