TN,FP,FN,TP,accuracy,sensitivity,specificity,precision,f1,macro_recall,macro_f1,auroc,ap,model,fold,cohort,rule
102,2,9,7,0.9083333333333333,0.4375,0.9807692307692307,0.7777777777777778,0.56,0.7091346153846154,0.7544186046511627,0.8719951923076924,0.6380658085912261,RF on clinical features only [baseline],0,complete-case,@0.5
103,1,12,4,0.8916666666666667,0.25,0.9903846153846154,0.8,0.38095238095238093,0.6201923076923077,0.6607958251793868,0.8719951923076924,0.6380658085912261,RF on clinical features only [baseline],0,complete-case,@tuned
103,1,8,8,0.925,0.5,0.9903846153846154,0.8888888888888888,0.64,0.7451923076923077,0.7990697674418605,0.8686899038461539,0.7317611446864313,CNN(untrained)+clinical+RF,0,complete-case,@0.5
103,1,12,4,0.8916666666666667,0.25,0.9903846153846154,0.8,0.38095238095238093,0.6201923076923077,0.6607958251793868,0.8686899038461539,0.7317611446864313,CNN(untrained)+clinical+RF,0,complete-case,@tuned
103,1,9,7,0.9166666666666666,0.4375,0.9903846153846154,0.875,0.5833333333333334,0.7139423076923077,0.7685185185185185,0.8707932692307693,0.7264327389760936,CNN+BiLSTM(untrained)+clinical+RF [as published],0,complete-case,@0.5
103,1,10,6,0.9083333333333333,0.375,0.9903846153846154,0.8571428571428571,0.5217391304347825,0.6826923076923077,0.7355239430975755,0.8707932692307693,0.7264327389760936,CNN+BiLSTM(untrained)+clinical+RF [as published],0,complete-case,@tuned
102,2,5,11,0.9416666666666667,0.6875,0.9807692307692307,0.8461538461538461,0.7586206896551724,0.8341346153846154,0.8627226671024677,0.881610576923077,0.7461048327812491,CNN(trained)+clinical+RF,0,complete-case,@0.5
103,1,6,10,0.9416666666666667,0.625,0.9903846153846154,0.9090909090909091,0.7407407407407406,0.8076923076923077,0.8539384454877412,0.881610576923077,0.7461048327812491,CNN(trained)+clinical+RF,0,complete-case,@tuned
103,1,5,11,0.95,0.6875,0.9903846153846154,0.9166666666666666,0.7857142857142857,0.8389423076923077,0.8787061994609164,0.8948317307692308,0.7539375082728956,CNN+BiLSTM(trained)+clinical+RF [proposed],0,complete-case,@0.5
103,1,7,9,0.9333333333333333,0.5625,0.9903846153846154,0.9,0.6923076923076923,0.7764423076923077,0.8274622573687993,0.8948317307692308,0.7539375082728956,CNN+BiLSTM(trained)+clinical+RF [proposed],0,complete-case,@tuned
103,1,11,5,0.9,0.3125,0.9903846153846154,0.8333333333333334,0.45454545454545453,0.6514423076923077,0.6997497914929108,0.8734975961538463,0.6264148522224917,RF on clinical features only [baseline],1,complete-case,@0.5
104,0,12,4,0.9,0.25,1.0,1.0,0.4,0.625,0.6727272727272727,0.8734975961538463,0.6264148522224917,RF on clinical features only [baseline],1,complete-case,@tuned
104,0,9,7,0.925,0.4375,1.0,1.0,0.6086956521739131,0.71875,0.7836104988980164,0.848858173076923,0.6454863664794315,CNN(untrained)+clinical+RF,1,complete-case,@0.5
104,0,11,5,0.9083333333333333,0.3125,1.0,1.0,0.47619047619047616,0.65625,0.7129810828440966,0.848858173076923,0.6454863664794315,CNN(untrained)+clinical+RF,1,complete-case,@tuned
103,1,9,7,0.9166666666666666,0.4375,0.9903846153846154,0.875,0.5833333333333334,0.7139423076923077,0.7685185185185185,0.8347355769230769,0.6512638172794423,CNN+BiLSTM(untrained)+clinical+RF [as published],1,complete-case,@0.5
104,0,10,6,0.9166666666666666,0.375,1.0,1.0,0.5454545454545454,0.6875,0.749791492910759,0.8347355769230769,0.6512638172794423,CNN+BiLSTM(untrained)+clinical+RF [as published],1,complete-case,@tuned
104,0,9,7,0.925,0.4375,1.0,1.0,0.6086956521739131,0.71875,0.7836104988980164,0.8515625,0.6875427181525264,CNN(trained)+clinical+RF,1,complete-case,@0.5
104,0,11,5,0.9083333333333333,0.3125,1.0,1.0,0.47619047619047616,0.65625,0.7129810828440966,0.8515625,0.6875427181525264,CNN(trained)+clinical+RF,1,complete-case,@tuned
104,0,10,6,0.9166666666666666,0.375,1.0,1.0,0.5454545454545454,0.6875,0.749791492910759,0.8437499999999999,0.6355612872824866,CNN+BiLSTM(trained)+clinical+RF [proposed],1,complete-case,@0.5
104,0,10,6,0.9166666666666666,0.375,1.0,1.0,0.5454545454545454,0.6875,0.749791492910759,0.8437499999999999,0.6355612872824866,CNN+BiLSTM(trained)+clinical+RF [proposed],1,complete-case,@tuned
103,0,15,2,0.875,0.11764705882352941,1.0,1.0,0.21052631578947367,0.5588235294117647,0.5713265063110264,0.9057681324957167,0.619082474392981,RF on clinical features only [baseline],2,complete-case,@0.5
103,0,16,1,0.8666666666666667,0.058823529411764705,1.0,1.0,0.1111111111111111,0.5294117647058824,0.5195195195195196,0.9057681324957167,0.619082474392981,RF on clinical features only [baseline],2,complete-case,@tuned
103,0,15,2,0.875,0.11764705882352941,1.0,1.0,0.21052631578947367,0.5588235294117647,0.5713265063110264,0.8597944031981725,0.5568407925168831,CNN(untrained)+clinical+RF,2,complete-case,@0.5
103,0,16,1,0.8666666666666667,0.058823529411764705,1.0,1.0,0.1111111111111111,0.5294117647058824,0.5195195195195196,0.8597944031981725,0.5568407925168831,CNN(untrained)+clinical+RF,2,complete-case,@tuned
103,0,15,2,0.875,0.11764705882352941,1.0,1.0,0.21052631578947367,0.5588235294117647,0.5713265063110264,0.8723586521987434,0.5564786968079118,CNN+BiLSTM(untrained)+clinical+RF [as published],2,complete-case,@0.5
103,0,15,2,0.875,0.11764705882352941,1.0,1.0,0.21052631578947367,0.5588235294117647,0.5713265063110264,0.8723586521987434,0.5564786968079118,CNN+BiLSTM(untrained)+clinical+RF [as published],2,complete-case,@tuned
103,0,14,3,0.8833333333333333,0.17647058823529413,1.0,1.0,0.3,0.5882352941176471,0.6181818181818182,0.9017704169046259,0.6789865671316525,CNN(trained)+clinical+RF,2,complete-case,@0.5
103,0,14,3,0.8833333333333333,0.17647058823529413,1.0,1.0,0.3,0.5882352941176471,0.6181818181818182,0.9017704169046259,0.6789865671316525,CNN(trained)+clinical+RF,2,complete-case,@tuned
103,0,14,3,0.8833333333333333,0.17647058823529413,1.0,1.0,0.3,0.5882352941176471,0.6181818181818182,0.8954882924043404,0.6059335178428263,CNN+BiLSTM(trained)+clinical+RF [proposed],2,complete-case,@0.5
103,0,14,3,0.8833333333333333,0.17647058823529413,1.0,1.0,0.3,0.5882352941176471,0.6181818181818182,0.8954882924043404,0.6059335178428263,CNN+BiLSTM(trained)+clinical+RF [proposed],2,complete-case,@tuned
100,3,10,6,0.8907563025210085,0.375,0.970873786407767,0.6666666666666666,0.4800000000000001,0.6729368932038835,0.7094835680751174,0.9335558252427184,0.6258808743248944,RF on clinical features only [baseline],3,complete-case,@0.5
102,1,13,3,0.8823529411764706,0.1875,0.9902912621359223,0.75,0.3,0.5888956310679612,0.6178899082568807,0.9335558252427184,0.6258808743248944,RF on clinical features only [baseline],3,complete-case,@tuned
101,2,11,5,0.8907563025210085,0.3125,0.9805825242718447,0.7142857142857143,0.43478260869565216,0.6465412621359223,0.6871587462082911,0.8889563106796117,0.667211805448667,CNN(untrained)+clinical+RF,3,complete-case,@0.5
103,0,13,3,0.8907563025210085,0.1875,1.0,1.0,0.3157894736842105,0.59375,0.6282143715453017,0.8889563106796117,0.667211805448667,CNN(untrained)+clinical+RF,3,complete-case,@tuned
103,0,10,6,0.9159663865546218,0.375,1.0,1.0,0.5454545454545454,0.6875,0.7495791245791246,0.9035194174757282,0.7166883807170219,CNN+BiLSTM(untrained)+clinical+RF [as published],3,complete-case,@0.5
103,0,10,6,0.9159663865546218,0.375,1.0,1.0,0.5454545454545454,0.6875,0.7495791245791246,0.9035194174757282,0.7166883807170219,CNN+BiLSTM(untrained)+clinical+RF [as published],3,complete-case,@tuned
101,2,9,7,0.907563025210084,0.4375,0.9805825242718447,0.7777777777777778,0.56,0.7090412621359223,0.7541784037558685,0.90625,0.700402630564767,CNN(trained)+clinical+RF,3,complete-case,@0.5
102,1,11,5,0.8991596638655462,0.3125,0.9902912621359223,0.8333333333333334,0.45454545454545453,0.6513956310679612,0.6994949494949495,0.90625,0.700402630564767,CNN(trained)+clinical+RF,3,complete-case,@tuned
103,0,10,6,0.9159663865546218,0.375,1.0,1.0,0.5454545454545454,0.6875,0.7495791245791246,0.9232402912621359,0.7508164695664695,CNN+BiLSTM(trained)+clinical+RF [proposed],3,complete-case,@0.5
103,0,11,5,0.907563025210084,0.3125,1.0,1.0,0.47619047619047616,0.65625,0.7127496159754225,0.9232402912621359,0.7508164695664695,CNN+BiLSTM(trained)+clinical+RF [proposed],3,complete-case,@tuned
102,1,10,6,0.907563025210084,0.375,0.9902912621359223,0.8571428571428571,0.5217391304347825,0.6826456310679612,0.735288169868554,0.8913834951456311,0.6521886647640026,RF on clinical features only [baseline],4,complete-case,@0.5
102,1,11,5,0.8991596638655462,0.3125,0.9902912621359223,0.8333333333333334,0.45454545454545453,0.6513956310679612,0.6994949494949495,0.8913834951456311,0.6521886647640026,RF on clinical features only [baseline],4,complete-case,@tuned
101,2,10,6,0.8991596638655462,0.375,0.9805825242718447,0.75,0.5,0.6777912621359223,0.7219626168224299,0.8822815533980581,0.577473871275299,CNN(untrained)+clinical+RF,4,complete-case,@0.5
102,1,12,4,0.8907563025210085,0.25,0.9902912621359223,0.8,0.38095238095238093,0.6201456310679612,0.6605222734254992,0.8822815533980581,0.577473871275299,CNN(untrained)+clinical+RF,4,complete-case,@tuned
102,1,11,5,0.8991596638655462,0.3125,0.9902912621359223,0.8333333333333334,0.45454545454545453,0.6513956310679612,0.6994949494949495,0.8844053398058253,0.6140932537904036,CNN+BiLSTM(untrained)+clinical+RF [as published],4,complete-case,@0.5
102,1,13,3,0.8823529411764706,0.1875,0.9902912621359223,0.75,0.3,0.5888956310679612,0.6178899082568807,0.8844053398058253,0.6140932537904036,CNN+BiLSTM(untrained)+clinical+RF [as published],4,complete-case,@tuned
101,2,10,6,0.8991596638655462,0.375,0.9805825242718447,0.75,0.5,0.6777912621359223,0.7219626168224299,0.8765169902912621,0.5633486109301327,CNN(trained)+clinical+RF,4,complete-case,@0.5
102,1,12,4,0.8907563025210085,0.25,0.9902912621359223,0.8,0.38095238095238093,0.6201456310679612,0.6605222734254992,0.8765169902912621,0.5633486109301327,CNN(trained)+clinical+RF,4,complete-case,@tuned
100,3,11,5,0.8823529411764706,0.3125,0.970873786407767,0.625,0.4166666666666667,0.6416868932038835,0.6756230529595015,0.8467839805825244,0.501390061580798,CNN+BiLSTM(trained)+clinical+RF [proposed],4,complete-case,@0.5
102,1,13,3,0.8823529411764706,0.1875,0.9902912621359223,0.75,0.3,0.5888956310679612,0.6178899082568807,0.8467839805825244,0.501390061580798,CNN+BiLSTM(trained)+clinical+RF [proposed],4,complete-case,@tuned
101,3,13,3,0.8666666666666667,0.1875,0.9711538461538461,0.5,0.2727272727272727,0.5793269230769231,0.5996663886572143,0.8608774038461539,0.498030858030858,RF on clinical features only [baseline],5,complete-case,@0.5
104,0,15,1,0.875,0.0625,1.0,1.0,0.11764705882352941,0.53125,0.525191242416249,0.8608774038461539,0.498030858030858,RF on clinical features only [baseline],5,complete-case,@tuned
103,1,10,6,0.9083333333333333,0.375,0.9903846153846154,0.8571428571428571,0.5217391304347825,0.6826923076923077,0.7355239430975755,0.85546875,0.6392308501683501,CNN(untrained)+clinical+RF,5,complete-case,@0.5
104,0,10,6,0.9166666666666666,0.375,1.0,1.0,0.5454545454545454,0.6875,0.749791492910759,0.85546875,0.6392308501683501,CNN(untrained)+clinical+RF,5,complete-case,@tuned
102,2,10,6,0.9,0.375,0.9807692307692307,0.75,0.5,0.6778846153846154,0.7222222222222222,0.8245192307692308,0.5763753537246952,CNN+BiLSTM(untrained)+clinical+RF [as published],5,complete-case,@0.5
103,1,10,6,0.9083333333333333,0.375,0.9903846153846154,0.8571428571428571,0.5217391304347825,0.6826923076923077,0.7355239430975755,0.8245192307692308,0.5763753537246952,CNN+BiLSTM(untrained)+clinical+RF [as published],5,complete-case,@tuned
103,1,9,7,0.9166666666666666,0.4375,0.9903846153846154,0.875,0.5833333333333334,0.7139423076923077,0.7685185185185185,0.8608774038461539,0.6738563049677949,CNN(trained)+clinical+RF,5,complete-case,@0.5
104,0,10,6,0.9166666666666666,0.375,1.0,1.0,0.5454545454545454,0.6875,0.749791492910759,0.8608774038461539,0.6738563049677949,CNN(trained)+clinical+RF,5,complete-case,@tuned
103,1,9,7,0.9166666666666666,0.4375,0.9903846153846154,0.875,0.5833333333333334,0.7139423076923077,0.7685185185185185,0.87890625,0.6688182867618351,CNN+BiLSTM(trained)+clinical+RF [proposed],5,complete-case,@0.5
104,0,9,7,0.925,0.4375,1.0,1.0,0.6086956521739131,0.71875,0.7836104988980164,0.87890625,0.6688182867618351,CNN+BiLSTM(trained)+clinical+RF [proposed],5,complete-case,@tuned
104,0,14,2,0.8833333333333333,0.125,1.0,1.0,0.2222222222222222,0.5625,0.5795795795795796,0.9347956730769231,0.7287423740909447,RF on clinical features only [baseline],6,complete-case,@0.5
104,0,14,2,0.8833333333333333,0.125,1.0,1.0,0.2222222222222222,0.5625,0.5795795795795796,0.9347956730769231,0.7287423740909447,RF on clinical features only [baseline],6,complete-case,@tuned
103,1,10,6,0.9083333333333333,0.375,0.9903846153846154,0.8571428571428571,0.5217391304347825,0.6826923076923077,0.7355239430975755,0.924579326923077,0.7507293258212375,CNN(untrained)+clinical+RF,6,complete-case,@0.5
104,0,14,2,0.8833333333333333,0.125,1.0,1.0,0.2222222222222222,0.5625,0.5795795795795796,0.924579326923077,0.7507293258212375,CNN(untrained)+clinical+RF,6,complete-case,@tuned
102,2,11,5,0.8916666666666667,0.3125,0.9807692307692307,0.7142857142857143,0.43478260869565216,0.6466346153846154,0.6874373872971348,0.8891225961538461,0.6375359792356318,CNN+BiLSTM(untrained)+clinical+RF [as published],6,complete-case,@0.5
104,0,11,5,0.9083333333333333,0.3125,1.0,1.0,0.47619047619047616,0.65625,0.7129810828440966,0.8891225961538461,0.6375359792356318,CNN+BiLSTM(untrained)+clinical+RF [as published],6,complete-case,@tuned
104,0,10,6,0.9166666666666666,0.375,1.0,1.0,0.5454545454545454,0.6875,0.749791492910759,0.9122596153846154,0.7749327061827063,CNN(trained)+clinical+RF,6,complete-case,@0.5
104,0,12,4,0.9,0.25,1.0,1.0,0.4,0.625,0.6727272727272727,0.9122596153846154,0.7749327061827063,CNN(trained)+clinical+RF,6,complete-case,@tuned
102,2,11,5,0.8916666666666667,0.3125,0.9807692307692307,0.7142857142857143,0.43478260869565216,0.6466346153846154,0.6874373872971348,0.9161658653846154,0.6862090121136174,CNN+BiLSTM(trained)+clinical+RF [proposed],6,complete-case,@0.5
104,0,12,4,0.9,0.25,1.0,1.0,0.4,0.625,0.6727272727272727,0.9161658653846154,0.6862090121136174,CNN+BiLSTM(trained)+clinical+RF [proposed],6,complete-case,@tuned
97,6,11,6,0.8583333333333333,0.35294117647058826,0.941747572815534,0.5,0.41379310344827586,0.6473443746430612,0.6666121915345645,0.8489434608794975,0.5518784243186945,RF on clinical features only [baseline],7,complete-case,@0.5
101,2,13,4,0.875,0.23529411764705882,0.9805825242718447,0.6666666666666666,0.3478260869565218,0.6079383209594518,0.6393508314966941,0.8489434608794975,0.5518784243186945,RF on clinical features only [baseline],7,complete-case,@tuned
101,2,8,9,0.9166666666666666,0.5294117647058824,0.9805825242718447,0.8181818181818182,0.6428571428571428,0.7549971444888635,0.797843665768194,0.8580810965162764,0.6724196838602682,CNN(untrained)+clinical+RF,7,complete-case,@0.5
101,2,12,5,0.8833333333333333,0.29411764705882354,0.9805825242718447,0.7142857142857143,0.4166666666666667,0.6373500856653341,0.6759259259259259,0.8580810965162764,0.6724196838602682,CNN(untrained)+clinical+RF,7,complete-case,@tuned
102,1,9,8,0.9166666666666666,0.47058823529411764,0.9902912621359223,0.8888888888888888,0.6153846153846153,0.73043974871502,0.7843278217109992,0.8486579097658481,0.7079267090922527,CNN+BiLSTM(untrained)+clinical+RF [as published],7,complete-case,@0.5
102,1,9,8,0.9166666666666666,0.47058823529411764,0.9902912621359223,0.8888888888888888,0.6153846153846153,0.73043974871502,0.7843278217109992,0.8486579097658481,0.7079267090922527,CNN+BiLSTM(untrained)+clinical+RF [as published],7,complete-case,@tuned
100,3,7,10,0.9166666666666666,0.5882352941176471,0.970873786407767,0.7692307692307693,0.6666666666666667,0.7795545402627071,0.8095238095238095,0.8697886921758995,0.6503827349184234,CNN(trained)+clinical+RF,7,complete-case,@0.5
102,1,10,7,0.9083333333333333,0.4117647058823529,0.9902912621359223,0.875,0.56,0.7010279840091376,0.754418604651163,0.8697886921758995,0.6503827349184234,CNN(trained)+clinical+RF,7,complete-case,@tuned
100,3,8,9,0.9083333333333333,0.5294117647058824,0.970873786407767,0.75,0.6206896551724139,0.7501427755568246,0.7842784768753065,0.8680753854940034,0.647685928329692,CNN+BiLSTM(trained)+clinical+RF [proposed],7,complete-case,@0.5
101,2,8,9,0.9166666666666666,0.5294117647058824,0.9805825242718447,0.8181818181818182,0.6428571428571428,0.7549971444888635,0.797843665768194,0.8680753854940034,0.647685928329692,CNN+BiLSTM(trained)+clinical+RF [proposed],7,complete-case,@tuned
101,2,10,6,0.8991596638655462,0.375,0.9805825242718447,0.75,0.5,0.6777912621359223,0.7219626168224299,0.8646844660194174,0.5495668549352999,RF on clinical features only [baseline],8,complete-case,@0.5
102,1,14,2,0.8739495798319328,0.125,0.9902912621359223,0.6666666666666666,0.21052631578947367,0.5576456310679612,0.5710165825522711,0.8646844660194174,0.5495668549352999,RF on clinical features only [baseline],8,complete-case,@tuned
103,0,12,4,0.8991596638655462,0.25,1.0,1.0,0.4,0.625,0.6724770642201835,0.8592233009708737,0.6354622259337643,CNN(untrained)+clinical+RF,8,complete-case,@0.5
103,0,13,3,0.8907563025210085,0.1875,1.0,1.0,0.3157894736842105,0.59375,0.6282143715453017,0.8592233009708737,0.6354622259337643,CNN(untrained)+clinical+RF,8,complete-case,@tuned
102,1,12,4,0.8907563025210085,0.25,0.9902912621359223,0.8,0.38095238095238093,0.6201456310679612,0.6605222734254992,0.8467839805825244,0.584087943167448,CNN+BiLSTM(untrained)+clinical+RF [as published],8,complete-case,@0.5
103,0,13,3,0.8907563025210085,0.1875,1.0,1.0,0.3157894736842105,0.59375,0.6282143715453017,0.8467839805825244,0.584087943167448,CNN+BiLSTM(untrained)+clinical+RF [as published],8,complete-case,@tuned
103,0,11,5,0.907563025210084,0.3125,1.0,1.0,0.47619047619047616,0.65625,0.7127496159754225,0.8877427184466019,0.7285836093110458,CNN(trained)+clinical+RF,8,complete-case,@0.5
103,0,12,4,0.8991596638655462,0.25,1.0,1.0,0.4,0.625,0.6724770642201835,0.8877427184466019,0.7285836093110458,CNN(trained)+clinical+RF,8,complete-case,@tuned
103,0,11,5,0.907563025210084,0.3125,1.0,1.0,0.47619047619047616,0.65625,0.7127496159754225,0.8225121359223302,0.5920989429893662,CNN+BiLSTM(trained)+clinical+RF [proposed],8,complete-case,@0.5
103,0,12,4,0.8991596638655462,0.25,1.0,1.0,0.4,0.625,0.6724770642201835,0.8225121359223302,0.5920989429893662,CNN+BiLSTM(trained)+clinical+RF [proposed],8,complete-case,@tuned
102,1,6,10,0.9411764705882353,0.625,0.9902912621359223,0.9090909090909091,0.7407407407407406,0.8076456310679612,0.8537826926452519,0.9032160194174758,0.6773659516439817,RF on clinical features only [baseline],9,complete-case,@0.5
102,1,12,4,0.8907563025210085,0.25,0.9902912621359223,0.8,0.38095238095238093,0.6201456310679612,0.6605222734254992,0.9032160194174758,0.6773659516439817,RF on clinical features only [baseline],9,complete-case,@tuned
103,0,11,5,0.907563025210084,0.3125,1.0,1.0,0.47619047619047616,0.65625,0.7127496159754225,0.875,0.755233248096066,CNN(untrained)+clinical+RF,9,complete-case,@0.5
103,0,13,3,0.8907563025210085,0.1875,1.0,1.0,0.3157894736842105,0.59375,0.6282143715453017,0.875,0.755233248096066,CNN(untrained)+clinical+RF,9,complete-case,@tuned
102,1,12,4,0.8907563025210085,0.25,0.9902912621359223,0.8,0.38095238095238093,0.6201456310679612,0.6605222734254992,0.8810679611650485,0.7217116498543386,CNN+BiLSTM(untrained)+clinical+RF [as published],9,complete-case,@0.5
103,0,12,4,0.8991596638655462,0.25,1.0,1.0,0.4,0.625,0.6724770642201835,0.8810679611650485,0.7217116498543386,CNN+BiLSTM(untrained)+clinical+RF [as published],9,complete-case,@tuned
102,1,11,5,0.8991596638655462,0.3125,0.9902912621359223,0.8333333333333334,0.45454545454545453,0.6513956310679612,0.6994949494949495,0.8674150485436894,0.7455960623781694,CNN(trained)+clinical+RF,9,complete-case,@0.5
103,0,13,3,0.8907563025210085,0.1875,1.0,1.0,0.3157894736842105,0.59375,0.6282143715453017,0.8674150485436894,0.7455960623781694,CNN(trained)+clinical+RF,9,complete-case,@tuned
102,1,11,5,0.8991596638655462,0.3125,0.9902912621359223,0.8333333333333334,0.45454545454545453,0.6513956310679612,0.6994949494949495,0.8510315533980585,0.697452419799167,CNN+BiLSTM(trained)+clinical+RF [proposed],9,complete-case,@0.5
102,1,12,4,0.8907563025210085,0.25,0.9902912621359223,0.8,0.38095238095238093,0.6201456310679612,0.6605222734254992,0.8510315533980585,0.697452419799167,CNN+BiLSTM(trained)+clinical+RF [proposed],9,complete-case,@tuned
595,423,39,72,0.5907883082373782,0.6486486486486487,0.5844793713163065,0.14545454545454545,0.23762376237623759,0.6165640099824776,0.4789813727135425,0.6437193578647409,0.1437556510886458,RF on clinical features only [baseline],0,full-imputed,@0.5
993,25,108,3,0.8821966341895483,0.02702702702702703,0.9754420432220039,0.10714285714285714,0.043165467625899276,0.5012345351245154,0.49020000611120357,0.6437193578647409,0.1437556510886458,RF on clinical features only [baseline],0,full-imputed,@tuned
596,422,42,69,0.5890168290522586,0.6216216216216216,0.5854616895874263,0.14052953156822812,0.2292358803986711,0.6035416556045239,0.4745213218418476,0.643949450432751,0.14157818154011848,CNN(untrained)+clinical+RF,0,full-imputed,@0.5
993,25,107,4,0.8830823737821081,0.036036036036036036,0.9754420432220039,0.13793103448275862,0.05714285714285714,0.50573903962902,0.49740995548360983,0.643949450432751,0.14157818154011848,CNN(untrained)+clinical+RF,0,full-imputed,@tuned
598,420,38,73,0.5943312666076174,0.6576576576576577,0.587426326129666,0.14807302231237324,0.24172185430463575,0.6225419918936619,0.4824086901511087,0.6593258287757306,0.178516527663857,CNN+BiLSTM(untrained)+clinical+RF [as published],0,full-imputed,@0.5
993,25,105,6,0.8848538529672276,0.05405405405405406,0.9754420432220039,0.1935483870967742,0.08450704225352113,0.5147480486380289,0.5115351846428287,0.6593258287757306,0.178516527663857,CNN+BiLSTM(untrained)+clinical+RF [as published],0,full-imputed,@tuned
546,471,42,70,0.545615589016829,0.625,0.5368731563421829,0.12939001848428835,0.21439509954058192,0.5809365781710915,0.44738446565814144,0.6192188158449221,0.135865394515342,RF on clinical features only [baseline],1,full-imputed,@0.5
912,105,100,12,0.8184233835252436,0.10714285714285714,0.8967551622418879,0.10256410256410256,0.10480349344978167,0.5019490096923725,0.501884250421293,0.6192188158449221,0.135865394515342,RF on clinical features only [baseline],1,full-imputed,@tuned
548,469,42,70,0.5473870682019486,0.625,0.5388397246804326,0.12987012987012986,0.2150537634408602,0.5819198623402163,0.44853497132839526,0.6228841831717938,0.14872120415197168,CNN(untrained)+clinical+RF,1,full-imputed,@0.5
913,104,97,15,0.8219663418954827,0.13392857142857142,0.8977384464110127,0.12605042016806722,0.12987012987012986,0.5158335089197921,0.5153544038595839,0.6228841831717938,0.14872120415197168,CNN(untrained)+clinical+RF,1,full-imputed,@tuned
546,471,37,75,0.550044286979628,0.6696428571428571,0.5368731563421829,0.13736263736263737,0.22796352583586627,0.60325800674252,0.4552317629179331,0.6341436648405675,0.15312543787744295,CNN+BiLSTM(untrained)+clinical+RF [as published],1,full-imputed,@0.5
912,105,94,18,0.8237378210806023,0.16071428571428573,0.8967551622418879,0.14634146341463414,0.15319148936170213,0.5287347239780869,0.5274113650466444,0.6341436648405675,0.15312543787744295,CNN+BiLSTM(untrained)+clinical+RF [as published],1,full-imputed,@tuned
616,401,49,63,0.6014171833480957,0.5625,0.6057030481809242,0.13577586206896552,0.21875,0.5841015240904621,0.4756056777645659,0.6200396825396826,0.13776296228645535,RF on clinical features only [baseline],2,full-imputed,@0.5
940,77,101,11,0.8423383525243578,0.09821428571428571,0.9242871189773845,0.125,0.11,0.5112507023458351,0.511754130223518,0.6200396825396826,0.13776296228645535,RF on clinical features only [baseline],2,full-imputed,@tuned
615,402,50,62,0.5996457041629761,0.5535714285714286,0.6047197640117994,0.1336206896551724,0.21527777777777776,0.579145596291614,0.4732750363324085,0.6203645174884113,0.14730297114646163,CNN(untrained)+clinical+RF,2,full-imputed,@0.5
973,44,107,5,0.8662533215234721,0.044642857142857144,0.9567354965585054,0.10204081632653061,0.062111801242236024,0.5006891768506813,0.495052085647346,0.6203645174884113,0.14730297114646163,CNN(untrained)+clinical+RF,2,full-imputed,@tuned
617,400,47,65,0.604074402125775,0.5803571428571429,0.6066863323500492,0.13978494623655913,0.22530329289428072,0.5935217376035961,0.4796950729789667,0.6274494310998735,0.1494656644493203,CNN+BiLSTM(untrained)+clinical+RF [as published],2,full-imputed,@0.5
974,43,106,6,0.8680248007085917,0.05357142857142857,0.9577187807276303,0.12244897959183673,0.07453416149068322,0.5056451046495294,0.5017401374930764,0.6274494310998735,0.1494656644493203,CNN+BiLSTM(untrained)+clinical+RF [as published],2,full-imputed,@tuned
548,469,43,69,0.5465013286093888,0.6160714285714286,0.5388397246804326,0.12825278810408922,0.2123076923076923,0.5774555766259306,0.44694986605434367,0.6122304747857845,0.1447943503817416,RF on clinical features only [baseline],3,full-imputed,@0.5
1001,16,105,7,0.8928255093002657,0.0625,0.984267453294002,0.30434782608695654,0.1037037037037037,0.523383726647001,0.523354442525427,0.6122304747857845,0.1447943503817416,RF on clinical features only [baseline],3,full-imputed,@tuned
551,466,43,69,0.5491585473870682,0.6160714285714286,0.5417895771878073,0.12897196261682242,0.21329211746522408,0.5789305028796179,0.44866964656625574,0.6092718429554713,0.13792836874012693,CNN(untrained)+clinical+RF,3,full-imputed,@0.5
1000,17,107,5,0.8901682905225864,0.044642857142857144,0.983284169124877,0.22727272727272727,0.0746268656716418,0.5139635131338671,0.5081232256795121,0.6092718429554713,0.13792836874012693,CNN(untrained)+clinical+RF,3,full-imputed,@tuned
548,469,42,70,0.5473870682019486,0.625,0.5388397246804326,0.12987012987012986,0.2150537634408602,0.5819198623402163,0.44853497132839526,0.6110847731422953,0.15712907582014335,CNN+BiLSTM(untrained)+clinical+RF [as published],3,full-imputed,@0.5
1000,17,106,6,0.8910540301151462,0.05357142857142857,0.983284169124877,0.2608695652173913,0.08888888888888889,0.5184277988481528,0.5154760035589051,0.6110847731422953,0.15712907582014335,CNN+BiLSTM(untrained)+clinical+RF [as published],3,full-imputed,@tuned
602,415,58,53,0.5806737588652482,0.4774774774774775,0.591937069813176,0.11324786324786325,0.18307426597582035,0.5347072736453267,0.4505114919622692,0.6042679847989583,0.12772066842270025,RF on clinical features only [baseline],4,full-imputed,@0.5
912,105,97,14,0.8209219858156028,0.12612612612612611,0.8967551622418879,0.11764705882352941,0.1217391304347826,0.511440644184007,0.5110176402420704,0.6042679847989583,0.12772066842270025,RF on clinical features only [baseline],4,full-imputed,@tuned
602,415,52,59,0.5859929078014184,0.5315315315315315,0.591937069813176,0.12447257383966245,0.20170940170940171,0.5617343006723537,0.4611180162347127,0.622392303808233,0.13263195251647455,CNN(untrained)+clinical+RF,4,full-imputed,@0.5
912,105,94,17,0.8235815602836879,0.15315315315315314,0.8967551622418879,0.13934426229508196,0.1459227467811159,0.5249541576975205,0.5237769937563513,0.622392303808233,0.13263195251647455,CNN(untrained)+clinical+RF,4,full-imputed,@tuned
604,413,55,56,0.5851063829787234,0.5045045045045045,0.5939036381514258,0.11940298507462686,0.19310344827586207,0.5492040713279651,0.45693358571310994,0.6137553482686225,0.136952559511079,CNN+BiLSTM(untrained)+clinical+RF [as published],4,full-imputed,@0.5
912,105,94,17,0.8235815602836879,0.15315315315315314,0.8967551622418879,0.13934426229508196,0.1459227467811159,0.5249541576975205,0.5237769937563513,0.6137553482686225,0.136952559511079,CNN+BiLSTM(untrained)+clinical+RF [as published],4,full-imputed,@tuned
576,442,40,71,0.5730735163861824,0.6396396396396397,0.5658153241650294,0.13840155945419103,0.22756410256410253,0.6027274819023345,0.46629123120861177,0.6109532912086939,0.1355443645112755,RF on clinical features only [baseline],5,full-imputed,@0.5
989,29,107,4,0.8795394154118689,0.036036036036036036,0.9715127701375246,0.12121212121212122,0.05555555555555556,0.5037744030867803,0.4956112687900768,0.6109532912086939,0.1355443645112755,RF on clinical features only [baseline],5,full-imputed,@tuned
576,442,40,71,0.5730735163861824,0.6396396396396397,0.5658153241650294,0.13840155945419103,0.22756410256410253,0.6027274819023345,0.46629123120861177,0.6145462751553125,0.13994717907597057,CNN(untrained)+clinical+RF,5,full-imputed,@0.5
989,29,106,5,0.8804251550044287,0.04504504504504504,0.9715127701375246,0.14705882352941177,0.06896551724137931,0.5082789075912848,0.5025376568696248,0.6145462751553125,0.13994717907597057,CNN(untrained)+clinical+RF,5,full-imputed,@tuned
578,440,40,71,0.5748449955713021,0.6396396396396397,0.5677799607072691,0.13894324853228962,0.22829581993569134,0.6037098001734544,0.4674486434641782,0.6176746491088339,0.1617417504253291,CNN+BiLSTM(untrained)+clinical+RF [as published],5,full-imputed,@0.5
989,29,105,6,0.8813108945969885,0.05405405405405406,0.9715127701375246,0.17142857142857143,0.08219178082191782,0.5127834120957893,0.5093724055624741,0.6176746491088339,0.1617417504253291,CNN+BiLSTM(untrained)+clinical+RF [as published],5,full-imputed,@tuned
547,470,47,65,0.54207263064659,0.5803571428571429,0.5378564405113078,0.12149532710280374,0.20092735703245748,0.5591067916842254,0.4400043364926409,0.5834342955471274,0.13678601283927705,RF on clinical features only [baseline],6,full-imputed,@0.5
915,102,96,16,0.8246235606731621,0.14285714285714285,0.8997050147492626,0.13559322033898305,0.13913043478260867,0.5212810788032027,0.5207486493439671,0.5834342955471274,0.13678601283927705,RF on clinical features only [baseline],6,full-imputed,@tuned
546,471,43,69,0.5447298494242693,0.6160714285714286,0.5368731563421829,0.12777777777777777,0.2116564417177914,0.5764722924568058,0.44580331425864667,0.5940177693496277,0.15029851668103358,CNN(untrained)+clinical+RF,6,full-imputed,@0.5
916,101,95,17,0.8263950398582817,0.15178571428571427,0.9006882989183874,0.1440677966101695,0.14782608695652175,0.5262370066020509,0.5255895720778664,0.5940177693496277,0.15029851668103358,CNN(untrained)+clinical+RF,6,full-imputed,@tuned
547,470,41,71,0.5473870682019486,0.6339285714285714,0.5378564405113078,0.13123844731977818,0.21745788667687593,0.5858925059699396,0.44953891218579,0.6125333614271667,0.18461465398203583,CNN+BiLSTM(untrained)+clinical+RF [as published],6,full-imputed,@0.5
915,102,90,22,0.8299379982285208,0.19642857142857142,0.8997050147492626,0.1774193548387097,0.1864406779661017,0.548066793088917,0.5457425941759292,0.6125333614271667,0.18461465398203583,CNN+BiLSTM(untrained)+clinical+RF [as published],6,full-imputed,@tuned
578,439,48,64,0.5686448184233835,0.5714285714285714,0.5683382497541789,0.1272365805168986,0.20813008130081298,0.5698834105913752,0.45586053669422877,0.6070287259446552,0.13461208892634904,RF on clinical features only [baseline],7,full-imputed,@0.5
949,68,99,13,0.8520814880425155,0.11607142857142858,0.9331366764995084,0.16049382716049382,0.13471502590673576,0.5246040525354685,0.5269216776022783,0.6070287259446552,0.13461208892634904,RF on clinical features only [baseline],7,full-imputed,@tuned
580,437,47,65,0.5713020372010629,0.5803571428571429,0.5703048180924287,0.1294820717131474,0.21172638436482086,0.5753309804747858,0.45866124571039096,0.6052114060963618,0.13011526425462672,CNN(untrained)+clinical+RF,7,full-imputed,@0.5
950,67,100,12,0.8520814880425155,0.10714285714285714,0.9341199606686332,0.1518987341772152,0.12565445026178013,0.5206314089057452,0.5224305149228591,0.6052114060963618,0.13011526425462672,CNN(untrained)+clinical+RF,7,full-imputed,@tuned
581,436,46,66,0.5730735163861824,0.5892857142857143,0.5712881022615536,0.13147410358565736,0.21498371335504884,0.5802869082736339,0.46089818271158767,0.619618275038629,0.149962398859779,CNN+BiLSTM(untrained)+clinical+RF [as published],7,full-imputed,@0.5
1007,10,106,6,0.8972542072630647,0.05357142857142857,0.9901671583087512,0.375,0.09375,0.5218692934400899,0.5196449530516432,0.619618275038629,0.149962398859779,CNN+BiLSTM(untrained)+clinical+RF [as published],7,full-imputed,@tuned
576,441,50,62,0.5651018600531443,0.5535714285714286,0.5663716814159292,0.12326043737574553,0.2016260162601626,0.5599715549936789,0.4513912187204648,0.6194997541789578,0.1392708795085335,RF on clinical features only [baseline],8,full-imputed,@0.5
979,38,105,7,0.8733392382639504,0.0625,0.9626352015732547,0.15555555555555556,0.08917197452229299,0.5125676007866273,0.510554573648581,0.6194997541789578,0.1392708795085335,RF on clinical features only [baseline],8,full-imputed,@tuned
577,440,47,65,0.5686448184233835,0.5803571428571429,0.567354965585054,0.12871287128712872,0.2106969205834684,0.5738560542210984,0.456963329274062,0.6334676569742942,0.1486564348723835,CNN(untrained)+clinical+RF,8,full-imputed,@0.5
980,37,102,10,0.8768821966341895,0.08928571428571429,0.9636184857423795,0.2127659574468085,0.12578616352201258,0.5264521000140469,0.5297820765204155,0.6334676569742942,0.1486564348723835,CNN(untrained)+clinical+RF,8,full-imputed,@tuned
575,442,44,68,0.5695305580159433,0.6071428571428571,0.5653883972468043,0.13333333333333333,0.21864951768488747,0.5862656271948308,0.4607917515074804,0.6420450554853211,0.16143182123117503,CNN+BiLSTM(untrained)+clinical+RF [as published],8,full-imputed,@0.5
980,37,103,9,0.8759964570416298,0.08035714285714286,0.9636184857423795,0.1956521739130435,0.11392405063291139,0.5219878142997612,0.5236286919831223,0.6420450554853211,0.16143182123117503,CNN+BiLSTM(untrained)+clinical+RF [as published],8,full-imputed,@tuned
573,444,55,56,0.5576241134751773,0.5045045045045045,0.5634218289085545,0.112,0.18330605564648117,0.5339631667065294,0.43998129530044416,0.5894877178063018,0.12177728641552214,RF on clinical features only [baseline],9,full-imputed,@0.5
971,46,104,7,0.8670212765957447,0.06306306306306306,0.9547689282202556,0.1320754716981132,0.08536585365853658,0.5089159956416593,0.5068320664086182,0.5894877178063018,0.12177728641552214,RF on clinical features only [baseline],9,full-imputed,@tuned
572,445,52,59,0.5593971631205674,0.5315315315315315,0.5624385447394297,0.11706349206349206,0.191869918699187,0.5469850381354806,0.44450290572375556,0.5951393871747854,0.12294375109707814,CNN(untrained)+clinical+RF,9,full-imputed,@0.5
970,47,104,7,0.8661347517730497,0.06306306306306306,0.9537856440511308,0.12962962962962962,0.08484848484848485,0.5084243535570969,0.5063171166471023,0.5951393871747854,0.12294375109707814,CNN(untrained)+clinical+RF,9,full-imputed,@tuned
569,448,48,63,0.5602836879432624,0.5675675675675675,0.5594886922320551,0.1232876712328767,0.202572347266881,0.5635281298998114,0.44951138783172695,0.6109162259604737,0.13755506454591884,CNN+BiLSTM(untrained)+clinical+RF [as published],9,full-imputed,@0.5
968,49,101,10,0.8670212765957447,0.09009009009009009,0.951819075712881,0.1694915254237288,0.11764705882352942,0.5209545829014856,0.5228695505047656,0.6109162259604737,0.13755506454591884,CNN+BiLSTM(untrained)+clinical+RF [as published],9,full-imputed,@tuned
