feature,delta_auc,sd
learned_4,0.010516826923076927,0.003921245256673038
learned_0,0.008067908653846179,0.0027723727537806455
learned_30,0.0059495192307692565,0.004283932734489609
learned_44,0.004657451923076966,0.004584178576440014
Platelets,0.00453725961538462,0.006357068188680143
learned_11,0.004266826923076955,0.002937343608136987
Eosinophils,0.003981370192307698,0.00134337085158634
learned_8,0.0038912259615384694,0.0017814100667400865
learned_46,0.0037710336538461843,0.0008309529332346576
learned_33,0.003710937500000011,0.0028510463482772372
learned_14,0.0032001201923077204,0.0025448344158366144
learned_61,0.0031550480769231117,0.0026512213647570987
learned_27,0.0029296875000000165,0.002828153030260098
Mean corpuscular hemoglobin concentration (MCHC),0.0025691105769231116,0.001391569881896329
learned_79,0.0023137019230769274,0.0018156101370217735
learned_85,0.0022085336538461954,0.0012252653743150608
learned_17,0.002133413461538486,0.001143802061939567
Monocytes,0.0021334134615384804,0.0013333358012219796
learned_54,0.0020883413461538656,0.0029046949252859774
learned_101,0.001998197115384642,0.0013312179819728687
learned_94,0.0019831730769231002,0.0008781033170794582
learned_35,0.001968149038461553,0.001703688864743315
learned_62,0.0019681490384615475,0.0013420259674032924
learned_1,0.001953125000000022,0.001355498025076903
learned_92,0.001938100961538497,0.000701318510636041
learned_5,0.0018629807692307654,0.0012663045376025137
Hemoglobin,0.0018329326923077149,0.0013128637184467236
learned_45,0.001727764423076955,0.0012493461388512468
learned_58,0.0016977163461538935,0.0010550041985613367
learned_95,0.0016526442307692236,0.0013981238129965904
Patient age quantile,0.0016376201923077095,0.0009712317523373728
learned_119,0.001592548076923095,0.0009118984919166685
learned_89,0.001577524038461553,0.0008331232351569577
learned_41,0.0015625000000000333,0.0014398015084989076
learned_125,0.0015625000000000278,0.0007148664214765898
learned_52,0.001532451923076944,0.0013128637184467297
learned_123,0.0015174278846154133,0.003248077587995078
learned_37,0.0012770432692307877,0.0007885831413467913
learned_91,0.0012469951923077093,0.000653329774794462
learned_57,0.0012169471153846202,0.0009987313614555349
learned_66,0.0012019230769230783,0.001323480501535178
learned_68,0.0011868990384615364,0.0007077263048866697
learned_126,0.0011718750000000223,0.0016510044312279112
learned_20,0.0011418269230769774,0.0015945311492093365
learned_80,0.001111778846153877,0.0009787558578667158
learned_110,0.0010967548076923073,0.0005801302456823326
learned_67,0.0010667067307692456,0.0007510516676652714
learned_2,0.0010216346153846423,0.001750542267263154
learned_19,0.0009014423076923351,0.0016181384636822468
learned_63,0.0008864182692307987,0.0014550065709666312
learned_50,0.0008864182692307932,0.0006547102935547098
learned_28,0.0008864182692307765,0.00027662188460818266
learned_120,0.0008563701923077205,0.0009749431840689797
learned_76,0.0008563701923076927,0.0004962483342822784
learned_3,0.0008263221153846645,0.001040353643465384
learned_25,0.00082632211538462,0.0005611433112074179
learned_75,0.0008112980769231004,0.0024096609359183585
learned_108,0.0008112980769230893,0.0005383555549029313
learned_32,0.0007962740384615585,0.0058406806994231245
learned_77,0.0007962740384615419,0.0009932923483212384
learned_112,0.0007662259615384803,0.0007077263048866246
learned_117,0.0007662259615384637,0.001161718655181666
learned_114,0.0007361778846154022,0.0013850664235571886
learned_127,0.0007361778846153799,0.0021447571354789073
learned_109,0.0007211538461538769,0.001318011550448385
learned_43,0.0006911057692307821,0.0007053302039846976
learned_34,0.0006760817307692679,0.0011786930298323184
learned_84,0.0006610576923077205,0.0018366234122519154
Lymphocytes,0.0006460336538461952,0.0009176969984420375
Mean corpuscular hemoglobin (MCH),0.0006460336538461675,0.0007617943109427233
learned_111,0.0006159855769230727,0.001442542423807677
learned_93,0.000600961538461553,0.0009874805724251572
learned_121,0.0005709134615384803,0.000977832938417858
learned_105,0.0005558894230769495,0.001020197483255106
learned_98,0.00048076923076926235,0.001509598159504842
learned_113,0.0004657451923077094,0.0011059774247463947
learned_71,0.0004356971153846423,0.0005330887920435454
learned_102,0.0004356971153846367,0.0018313926971673586
learned_39,0.00042067307692310595,0.0010974749019080257
learned_72,0.00040564903846155854,0.0007558450257274832
learned_38,0.00037560096153850254,0.0005279832749640973
learned_88,0.00037560096153849143,0.001316212099454289
"Patient addmited to intensive care unit (1=yes, 0=no)",0.00033052884615390466,0.000130976530755437
learned_53,0.0003305288461538769,0.006337152958232256
Red blood Cells,0.00031550480769234056,0.002093630891002925
Mean platelet volume,0.00030048076923079315,0.001999947270708384
learned_90,0.00028545673076924016,0.0005738710713577019
learned_86,0.00024038461538463673,0.0009483013123834016
learned_18,0.0001802884615384859,0.0008196022654438582
learned_40,0.00016526442307694954,0.0010210821116313758
learned_70,0.00015024038461541322,0.001318354024548097
learned_97,0.00015024038461539102,0.0004703267981519942
Red blood cell distribution width (RDW),0.0001352163461538769,0.0009333060390923832
learned_48,0.00012019230769231836,0.0006472553854728954
learned_51,9.014423076925682e-05,0.0009601289247999044
learned_74,9.014423076924017e-05,0.0007487942184120683
learned_83,6.0096153846184166e-05,0.0021722078812413154
learned_99,4.507211538465339e-05,0.000660203501884607
learned_96,4.507211538463118e-05,0.000448461885715113
learned_24,0.0,0.0
learned_26,0.0,0.0
learned_23,0.0,0.0
"Patient addmited to semi-intensive unit (1=yes, 0=no)",0.0,0.0
learned_9,0.0,0.0
learned_12,0.0,0.0
learned_15,0.0,0.0
"Patient addmited to regular ward (1=yes, 0=no)",0.0,0.0
learned_59,0.0,0.0
learned_21,-1.5024038461536326e-05,0.0007266107145038425
learned_36,-3.0048076923056e-05,0.0018471626068874705
learned_103,-6.0096153846145305e-05,0.0029876311951275093
learned_124,-7.512019230765943e-05,0.0006148852743293818
learned_107,-0.00012019230769228507,0.0006943641831906008
learned_104,-0.00012019230769229061,0.001007395109028868
learned_16,-0.00013521634615378808,0.0011100517705568303
learned_65,-0.00013521634615380474,0.0011539204891419818
learned_56,-0.00015024038461535215,0.0016635349201522037
learned_55,-0.0002554086538461453,0.0025888035722550122
learned_60,-0.0002554086538461453,0.0018986842225292581
learned_122,-0.00027043269230768164,0.001312863718446714
learned_116,-0.00031550480769227394,0.002857689019286303
learned_81,-0.0003455528846153688,0.0014230072575447154
learned_73,-0.0003605769230768774,0.0008477605757010681
learned_49,-0.00036057692307689957,0.0020415009316662376
learned_106,-0.00040564903846150856,0.0016602072357729365
learned_10,-0.0005258413461538159,0.0012779267306088412
learned_42,-0.0005258413461538436,0.004241863722701395
learned_13,-0.000661057692307665,0.0004312710364905998
Mean corpuscular volume (MCV),-0.0006911057692307654,0.0009459180431909578
learned_7,-0.000706129807692285,0.0009028184607916849
learned_82,-0.0008413461538461231,0.002186707379646653
learned_115,-0.0008864182692307487,0.0009429304858481815
learned_118,-0.0011718749999999611,0.0011438020619395496
Hematocrit,-0.001171874999999989,0.00543853590906845
learned_100,-0.0012620192307692068,0.002241755703557028
learned_78,-0.0012770432692307432,0.000827686810146595
learned_22,-0.0012770432692307653,0.002397970207258482
learned_87,-0.00132211538461538,0.0012548445323209605
Basophils,-0.0014573317307691957,0.0022127200641224
learned_29,-0.0014723557692307488,0.005200921979731725
learned_69,-0.0015624999999999888,0.0013591565959012839
learned_64,-0.0031400240384615195,0.0025220255108541687
learned_31,-0.0036808894230769052,0.006611857256913099
learned_47,-0.004747596153846123,0.00679883807008084
learned_6,-0.005498798076923062,0.004264392757729789
Leukocytes,-0.008067908653846146,0.010717216471365818
